Country/Region,NOC,Age,Medal,Gold,Total Athelete
Afghanistan,AFG,23.77,2,0,73
"Curacao, Netherlands Antilles",AHO,26.72,1,0,61
Albania,ALB,24.97,0,0,38
Algeria,ALG,24.54,14,3,443
Andorra,AND,28.23,0,0,40
Angola,ANG,25.26,0,0,138
"Antigua, Antigua and Barbuda",ANT,23.43,0,0,95
"Australia, Australasia",ANZ,24.33,27,19,79
Argentina,ARG,27.0,201,89,2172
Armenia,ARM,25.34,15,2,152
Aruba,ARU,26.92,0,0,26
American Samoa,ASA,27.39,0,0,28
Australia,AUS,25.68,759,164,4420
Austria,AUT,28.91,148,25,2219
Azerbaijan,AZE,24.68,34,6,201
Bahamas,BAH,26.72,26,6,274
Bangladesh,BAN,22.93,0,0,42
Barbados,BAR,24.18,1,0,178
Burundi,BDI,26.36,1,1,25
Belgium,BEL,27.94,306,69,2465
Benin,BEN,25.64,0,0,45
Bermuda,BER,26.8,1,0,157
Bhutan,BHU,30.47,0,0,19
Bosnia and Herzegovina,BIH,29.28,0,0,54
Belize,BIZ,26.23,0,0,66
Belarus,BLR,26.3,54,11,683
"Czech Republic, Bohemia",BOH,25.08,7,0,109
Boliva,BOL,27.49,0,0,84
Botswana,BOT,25.04,1,0,82
Brazil,BRA,26.0,339,78,2597
Bahrain,BRN,24.75,0,0,80
Brunei,BRU,23.38,0,0,8
Bulgaria,BUL,24.87,213,40,1986
Burkina Faso,BUR,25.5,0,0,26
Central African Republic,CAF,24.48,0,0,50
Cambodia,CAM,23.98,0,0,42
Canada,CAN,26.24,434,120,4204
Cayman Islands,CAY,24.94,0,0,66
Republic of Congo,CGO,24.98,0,0,66
Chad,CHA,24.13,0,0,30
Chile,CHI,27.09,31,3,575
China,CHN,23.86,308,138,2025
Ivory Coast,CIV,24.74,2,1,119
Cameroon,CMR,24.28,20,18,205
Democratic Republic of the Congo,COD,24.21,0,0,68
Cook Islands,COK,23.46,0,0,24
Colombia,COL,25.39,15,1,733
Comoros,COM,23.55,0,0,11
Cape Verde,CPV,29.78,0,0,9
Costa Rica,CRC,26.13,0,0,172
Croatia,CRO,26.19,129,51,526
Cuba,CUB,24.45,316,127,1879
Cyprus,CYP,25.66,1,0,131
Czech Republic,CZE,27.01,47,9,554
Denmark,DEN,27.75,489,127,2777
Djibouti,DJI,25.55,1,0,31
Dominica,DMA,25.55,0,0,11
Dominican Republic,DOM,24.46,7,3,194
Ecuador,ECU,24.42,2,1,208
Egypt,EGY,25.36,23,7,1213
Eritrea,ERI,24.38,1,0,37
El Salvador,ESA,24.06,0,0,144
Spain,ESP,26.17,355,73,3520
Estonia,EST,26.05,42,8,369
Ethiopia,ETH,24.66,30,12,269
Russia,EUN,24.71,130,59,402
Fiji,FIJ,25.73,13,13,159
Finland,FIN,27.45,459,127,3054
France,FRA,28.02,1360,413,7229
Germany,FRG,25.66,384,111,1834
Micronesia,FSM,25.87,0,0,15
Gabon,GAB,24.12,1,0,48
Gambia,GAM,23.18,0,0,40
UK,GBR,28.14,1516,527,7290
Guinea-Bissau,GBS,25.85,0,0,13
Germany,GDR,24.53,460,169,1352
Georgia,GEO,24.84,31,8,186
Equatorial Guinea,GEQ,23.66,0,0,29
Germany,GER,27.78,1243,435,5292
Ghana,GHA,23.74,23,0,295
Greece,GRE,26.52,78,26,1402
Grenada,GRN,22.85,2,1,33
Guatemala,GUA,24.77,1,0,335
Guinea,GUI,24.49,0,0,35
Guam,GUM,23.58,0,0,83
Guyana,GUY,23.89,1,0,71
Haiti,HAI,25.81,1,0,70
"China, Hong Kong",HKG,25.58,2,0,460
Honduras,HON,22.55,0,0,131
Hungary,HUN,26.29,861,363,4429
Indonesia,INA,24.21,26,9,264
India,IND,25.87,173,119,1001
Individual Olympic Athletes,IOA,25.98,3,1,64
Iran,IRI,25.69,66,18,633
Ireland,IRL,27.79,27,5,913
Iraq,IRQ,24.48,0,0,151
Iceland,ISL,24.94,16,0,336
Israel,ISR,25.04,7,1,436
"Virgin Islands, US, Virgin Islands",ISV,27.57,1,0,191
Italy,ITA,26.68,1249,461,6074
"Virgin Islands, British",IVB,25.97,0,0,37
Jamaica,JAM,24.09,71,25,446
Jordan,JOR,25.77,1,1,56
Japan,JPN,25.28,557,160,4137
Kazakhstan,KAZ,25.99,51,14,517
Kenya,KEN,25.82,82,29,572
Kyrgyzstan,KGZ,24.75,3,0,161
Kiribati,KIR,22.88,0,0,8
South Korea,KOR,24.16,301,92,2408
Kosovo,KOS,25.33,0,0,3
Saudi Arabia,KSA,24.57,6,0,206
Kuwait,KUW,22.66,2,0,247
Laos,LAO,22.07,0,0,42
Latvia,LAT,28.14,19,3,325
Libya,LBA,24.42,0,0,36
Liberia,LBR,22.29,0,0,59
Saint Lucia,LCA,24.87,0,0,15
Lesotho,LES,26.37,0,0,51
Lebanon,LIB,25.31,4,0,180
Liechtenstein,LIE,26.55,0,0,73
Lithuania,LTU,25.69,51,3,364
Luxembourg,LUX,26.43,6,4,879
Madagascar,MAD,24.53,0,0,68
Malaysia,MAL,23.14,0,0,21
Morocco,MAR,25.64,19,5,419
Malaysia,MAS,24.13,12,0,427
Malawi,MAW,25.26,0,0,73
Moldova,MDA,25.53,7,0,149
Maldives,MDV,21.89,0,0,37
Mexico,MEX,25.51,93,28,1971
Mongolia,MGL,25.28,22,2,316
Marshall Islands,MHL,22.71,0,0,7
Macedonia,MKD,24.12,1,0,34
Mali,MLI,23.9,0,0,60
Malta,MLT,25.45,0,0,83
Montenegro,MNE,28.59,0,0,54
Monaco,MON,30.95,1,0,123
Mozambique,MOZ,23.22,0,0,46
Mauritius,MRI,23.82,1,0,93
Mauritania,MTN,26.09,0,0,23
Myanmar,MYA,25.73,0,0,79
Namibia,NAM,28.71,4,0,49
"Malaysia, North Borneo",NBO,22.5,0,0,2
Nicaragua,NCA,23.84,0,0,99
Netherlands,NED,28.12,529,123,3518
Nepal,NEP,25.95,0,0,43
"Canada, Newfoundland",NFL,21.0,0,0,1
Nigeria,NGR,24.23,80,22,568
Niger,NIG,24.22,1,0,18
Norway,NOR,28.38,458,178,2099
Nauru,NRU,23.64,0,0,11
New Zealand,NZL,26.33,171,77,1420
Oman,OMA,25.57,0,0,54
Pakistan,PAK,25.3,121,42,502
Panama,PAN,25.21,3,1,97
Paraguay,PAR,24.4,17,0,112
Peru,PER,25.83,3,1,334
Philippines,PHI,25.49,9,0,529
Palestine,PLE,26.31,0,0,13
Palau,PLW,24.33,0,0,12
Papua New Guinea,PNG,24.21,0,0,80
Poland,POL,26.63,426,95,3534
Portugal,POR,27.8,35,2,1173
North Korea,PRK,24.43,33,10,365
Puerto Rico,PUR,24.85,8,0,721
Qatar,QAT,23.67,5,0,168
Zimbabwe,RHO,26.0,0,0,11
"NA, Refugee Olympic Team",ROT,25.57,0,0,7
Romania,ROU,25.17,280,40,2224
South Africa,RSA,26.04,101,26,1193
Russia,RUS,26.21,455,134,1970
Rwanda,RWA,25.58,0,0,33
Germany,SAA,25.3,0,0,86
Samoa,SAM,25.55,0,0,51
"Serbia, Serbia and Montenegro",SCG,25.66,60,11,251
Senegal,SEN,25.85,1,0,281
Seychelles,SEY,23.24,0,0,88
Singapore,SGP,24.1,2,1,208
"Saint Kitts, Turks and Caicos Islands",SKN,25.68,0,0,25
Sierra Leone,SLE,23.08,0,0,84
Slovenia,SLO,26.83,22,4,321
San Marino,SMR,27.08,0,0,128
Solomon Islands,SOL,24.59,0,0,17
Somalia,SOM,22.7,0,0,23
Serbia,SRB,27.14,57,14,234
Sri Lanka,SRI,26.08,1,0,96
South Sudan,SSD,27.0,0,0,2
Sao Tome and Principe,STP,20.89,0,0,9
Sudan,SUD,24.27,1,0,49
Switzerland,SUI,27.9,351,88,3072
Suriname,SUR,21.29,2,1,45
Slovakia,SVK,26.71,35,11,338
Sweden,SWE,27.86,991,333,4763
Swaziland,SWZ,24.66,0,0,56
Syria,SYR,25.08,2,0,137
Tanzania,TAN,25.02,2,0,128
Czech Republic,TCH,26.75,250,59,2456
Tonga,TGA,24.66,1,0,35
Thailand,THA,25.96,16,4,493
Tajikistan,TJK,25.95,3,1,44
Turkmenistan,TKM,25.03,0,0,32
Timor-Leste,TLS,25.33,0,0,3
Togo,TOG,24.04,1,0,46
Taiwan,TPE,24.71,30,1,580
"Trinidad, Trinidad and Tobago",TTO,24.96,32,7,286
Tunisia,TUN,24.73,10,3,465
Turkey,TUR,25.46,69,32,787
"NA, Tuvalu",TUV,21.0,0,0,5
United Arab Emirates,UAE,23.76,2,1,102
"Syria, United Arab Republic",UAR,25.7,2,0,56
Uganda,UGA,23.81,7,2,214
Ukraine,UKR,25.88,93,20,1078
Russia,URS,25.54,1485,569,3246
Uruguay,URU,25.92,59,31,481
USA,USA,26.97,3394,1670,10542
Uzbekistan,UZB,24.8,32,9,329
Vanuatu,VAN,24.48,0,0,23
Venezuela,VEN,25.09,11,2,690
Vietnam,VIE,26.43,3,1,80
Saint Vincent,VIN,21.35,0,0,31
Vietnam,VNM,27.02,0,0,48
"Trinidad, West Indies Federation",WIF,26.2,5,0,20
"Yemen, North Yemen",YAR,22.18,0,0,11
Yemen,YEM,21.07,0,0,28
"Yemen, South Yemen",YMD,23.6,0,0,5
"Serbia, Yugoslavia",YUG,25.45,323,113,1658
Zambia,ZAM,23.81,1,0,135
Zimbabwe,ZIM,26.51,0,0,194
